{
  "startmoon": {
    "sounds": [
      "custom/startmoon"
    ]
  }
  "stopmoon": {
    "sounds": [
      "custom/stopmoon"
    ]
  }
  "damagemoon": {
    "sounds": [
      "custom/damagemoon"
    ]
  }
  "slender.attack.nonecritical" : {
    "sounds":[
      "slenderman/custom_slender_attack_01"
    ]
  },
  "slender.attack.critical" : {
    "sounds":[
      "slenderman/custom_slender_attack_02"
    ]
  },
  "slender.appear.screamer.one" : {
    "sounds":[
      "slenderman/custom_slender_appear_screamer"
    ]
  },
  "slender.appear.screamer.two" : {
    "sounds":[
      "slenderman/custom_slender_scare_screamer"
    ]
  },
  "slender.see.you" : {
    "sounds":[
      "slenderman/custom_slender_sees_you"
    ]
  },
  "slender.spider.jumpscare" : {
    "sounds":[
      "slenderman/custom_jumpscare"
    ]
  },
  "slender.darkness" : {
    "sounds":[
      "slenderman/custom_darkness"
    ]
  },
  "slender.attack.stop" : {
    "sounds":[
      "slenderman/custom_slender_stop_attack"
    ]
  },
  "slender.punish" : {
    "sounds":[
      "slenderman/custom_slender_punish"
    ]
  },
  "slender.skull" : {
    "sounds":[
      "slenderman/skull_screamer"
    ]
  },
  "slender.watching.dissapear" : {
    "sounds":[
      "slenderman/custom_slender_watching_dissapear"
    ]
  }
}