{
	"credit": "Made with Blockbench",
	"textures": {
		"0": "custom/slender_person/arms",
		"1": "custom/slender_person/bottom",
		"3": "custom/slender_person/top",
		"4": "custom/slender_person/body_not_front",
		"5": "custom/slender_person/head",
		"6": "custom/slender_person/angry_face",
		"7": "custom/slender_person/angry_body_front",
		"8": "custom/slender_person/arm_from_body",
		"9": "custom/slender_person/no_legs",
		"particle": "custom/slender_person/angry_face"
	},
	"elements": [
		{
			"name": "left_arm",
			"from": [2, 11, 11],
			"to": [4, 29, 13],
			"rotation": {"angle": -22.5, "axis": "x", "origin": [2, 16, 11]},
			"faces": {
				"north": {"uv": [0, 0, 2, 16], "texture": "#0"},
				"east": {"uv": [0, 0, 2, 16], "texture": "#0"},
				"south": {"uv": [0, 0, 2, 16], "texture": "#0"},
				"west": {"uv": [0, 0, 2, 16], "texture": "#0"},
				"up": {"uv": [0, 0, 2, 2], "texture": "#3"},
				"down": {"uv": [0, 0, 2, 2], "texture": "#1"}
			}
		},
		{
			"name": "right_arm",
			"from": [12, 6, 7],
			"to": [14, 26, 9],
			"rotation": {"angle": 0, "axis": "y", "origin": [12, 11, 7]},
			"faces": {
				"north": {"uv": [0, 0, 2, 16], "texture": "#0"},
				"east": {"uv": [0, 0, 2, 16], "texture": "#0"},
				"south": {"uv": [0, 0, 2, 16], "texture": "#0"},
				"west": {"uv": [0, 0, 2, 16], "texture": "#0"},
				"up": {"uv": [0, 0, 2, 2], "texture": "#3"},
				"down": {"uv": [0, 0, 2, 2], "texture": "#1"}
			}
		},
		{
			"name": "head",
			"from": [0, 26, 5],
			"to": [6, 32, 11],
			"rotation": {"angle": 22.5, "axis": "z", "origin": [0, 41, 5]},
			"faces": {
				"north": {"uv": [0, 0, 6, 6], "texture": "#6"},
				"east": {"uv": [0, 0, 6, 6], "texture": "#5"},
				"south": {"uv": [0, 0, 6, 6], "texture": "#5"},
				"west": {"uv": [0, 0, 6, 6], "texture": "#5"},
				"up": {"uv": [0, 0, 6, 6], "texture": "#5"},
				"down": {"uv": [0, 0, 6, 6], "texture": "#5"}
			}
		},
		{
			"name": "sheya",
			"from": [6, 27, 7],
			"to": [10, 29, 9],
			"rotation": {"angle": 0, "axis": "y", "origin": [14, 35, 15]},
			"faces": {
				"north": {"uv": [0, 0, 4, 2], "texture": "#5"},
				"east": {"uv": [0, 0, 2, 2], "texture": "#5"},
				"south": {"uv": [0, 0, 4, 2], "texture": "#5"},
				"west": {"uv": [0, 0, 2, 2], "texture": "#5"},
				"up": {"uv": [0, 0, 4, 2], "texture": "#5"},
				"down": {"uv": [0, 0, 4, 2], "texture": "#5"}
			}
		},
		{
			"name": "body",
			"from": [4, 18, 6],
			"to": [12, 28, 10],
			"rotation": {"angle": 0, "axis": "y", "origin": [4, 25, 6]},
			"faces": {
				"north": {"uv": [0, 0, 8, 10], "texture": "#7"},
				"east": {"uv": [0, 0, 4, 10], "texture": "#4"},
				"south": {"uv": [0, 0, 8, 10], "texture": "#4"},
				"west": {"uv": [0, 0, 4, 10], "texture": "#4"},
				"up": {"uv": [0, 0, 8, 4], "texture": "#4"},
				"down": {"uv": [0, 0, 8, 4], "texture": "#4"}
			}
		},
		{
			"from": [7, 21, 1],
			"to": [9, 22.7, 6],
			"rotation": {"angle": 0, "axis": "y", "origin": [16, 29, 13]},
			"faces": {
				"north": {"uv": [0, 0, 2, 1.7], "texture": "#8"},
				"east": {"uv": [0, 0, 5, 1.7], "texture": "#8"},
				"south": {"uv": [0, 0, 2, 1.7], "texture": "#8"},
				"west": {"uv": [0, 0, 5, 1.7], "texture": "#8"},
				"up": {"uv": [0, 0, 2, 5], "texture": "#8"},
				"down": {"uv": [0, 0, 2, 5], "texture": "#8"}
			}
		},
		{
			"from": [8.6, 22.1, 0],
			"to": [9.6, 23.4, 2.1],
			"rotation": {"angle": 0, "axis": "y", "origin": [16.6, 30.1, 8]},
			"faces": {
				"north": {"uv": [0, 0, 1, 1.3], "texture": "#8"},
				"east": {"uv": [0, 0, 2.1, 1.3], "texture": "#8"},
				"south": {"uv": [0, 0, 1, 1.3], "texture": "#8"},
				"west": {"uv": [0, 0, 2.1, 1.3], "texture": "#8"},
				"up": {"uv": [0, 0, 1, 2.1], "texture": "#8"},
				"down": {"uv": [0, 0, 1, 2.1], "texture": "#8"}
			}
		},
		{
			"from": [6.3, 20.8, -0.5],
			"to": [7.3, 21.7, 1.6],
			"rotation": {"angle": 0, "axis": "y", "origin": [14.3, 28.8, 7.5]},
			"faces": {
				"north": {"uv": [0, 0, 1, 0.9], "texture": "#8"},
				"east": {"uv": [0, 0, 2.1, 0.9], "texture": "#8"},
				"south": {"uv": [0, 0, 1, 0.9], "texture": "#8"},
				"west": {"uv": [0, 0, 2.1, 0.9], "texture": "#8"},
				"up": {"uv": [0, 0, 1, 2.1], "texture": "#8"},
				"down": {"uv": [0, 0, 1, 2.1], "texture": "#8"}
			}
		},
		{
			"from": [4, 17, 6],
			"to": [12, 18, 10],
			"rotation": {"angle": 0, "axis": "x", "origin": [12, 25, 14]},
			"faces": {
				"north": {"uv": [0, 0, 8, 1], "texture": "#9"},
				"east": {"uv": [0, 0, 4, 1], "texture": "#9"},
				"south": {"uv": [0, 0, 8, 1], "texture": "#9"},
				"west": {"uv": [0, 0, 4, 1], "texture": "#9"},
				"up": {"uv": [0, 0, 8, 4], "texture": "#9"},
				"down": {"uv": [0, 0, 8, 4], "texture": "#9"}
			}
		},
		{
			"from": [11, 16, 6],
			"to": [12, 17, 10],
			"rotation": {"angle": 0, "axis": "x", "origin": [12, 24, 14]},
			"faces": {
				"north": {"uv": [0, 0, 1, 1], "texture": "#9"},
				"east": {"uv": [0, 0, 4, 1], "texture": "#9"},
				"south": {"uv": [0, 0, 1, 1], "texture": "#9"},
				"west": {"uv": [0, 0, 4, 1], "texture": "#9"},
				"up": {"uv": [0, 0, 1, 4], "texture": "#9"},
				"down": {"uv": [0, 0, 1, 4], "texture": "#9"}
			}
		},
		{
			"from": [8.75, 14, 6],
			"to": [10, 17, 10],
			"rotation": {"angle": 0, "axis": "x", "origin": [10, 24, 14]},
			"faces": {
				"north": {"uv": [0, 0, 1.25, 3], "texture": "#9"},
				"east": {"uv": [0, 0, 4, 3], "texture": "#9"},
				"south": {"uv": [0, 0, 1.25, 3], "texture": "#9"},
				"west": {"uv": [0, 0, 4, 3], "texture": "#9"},
				"up": {"uv": [0, 0, 1.25, 4], "texture": "#9"},
				"down": {"uv": [0, 0, 1.25, 4], "texture": "#9"}
			}
		},
		{
			"from": [7.55, 16.1, 6],
			"to": [8.8, 17, 10],
			"rotation": {"angle": 0, "axis": "x", "origin": [8.8, 24, 14]},
			"faces": {
				"north": {"uv": [0, 0, 1.25, 0.9], "texture": "#9"},
				"east": {"uv": [0, 0, 4, 0.9], "texture": "#9"},
				"south": {"uv": [0, 0, 1.25, 0.9], "texture": "#9"},
				"west": {"uv": [0, 0, 4, 0.9], "texture": "#9"},
				"up": {"uv": [0, 0, 1.25, 4], "texture": "#9"},
				"down": {"uv": [0, 0, 1.25, 4], "texture": "#9"}
			}
		},
		{
			"from": [4.55, 11.5, 6],
			"to": [5.8, 17, 10],
			"rotation": {"angle": 0, "axis": "x", "origin": [5.8, 24, 14]},
			"faces": {
				"north": {"uv": [0, 0, 1.25, 5.5], "texture": "#9"},
				"east": {"uv": [0, 0, 4, 5.5], "texture": "#9"},
				"south": {"uv": [0, 0, 1.25, 5.5], "texture": "#9"},
				"west": {"uv": [0, 0, 4, 5.5], "texture": "#9"},
				"up": {"uv": [0, 0, 1.25, 4], "texture": "#9"},
				"down": {"uv": [0, 0, 1.25, 4], "texture": "#9"}
			}
		},
		{
			"from": [5.75, 15, 6],
			"to": [7, 17, 10],
			"rotation": {"angle": 0, "axis": "x", "origin": [7, 24, 14]},
			"faces": {
				"north": {"uv": [0, 0, 1.25, 2], "texture": "#9"},
				"east": {"uv": [0, 0, 4, 2], "texture": "#9"},
				"south": {"uv": [0, 0, 1.25, 2], "texture": "#9"},
				"west": {"uv": [0, 0, 4, 2], "texture": "#9"},
				"up": {"uv": [0, 0, 1.25, 4], "texture": "#9"},
				"down": {"uv": [0, 0, 1.25, 4], "texture": "#9"}
			}
		}
	],
	"display": {
		"thirdperson_righthand": {
			"translation": [-6, -16, 10]
		},
		"head": {
			"translation": [0, -21.25, 0],
			"scale": [2, 2.5, 2]
		}
	},
	"groups": [
		{
			"name": "arms",
			"origin": [8, 8, 8],
			"children": [0, 1]
		},
		{
			"name": "legs",
			"origin": [8, 8, 8],
			"children": []
		},
		{
			"name": "head",
			"origin": [8, 8, 8],
			"children": [2, 3]
		},
		{
			"name": "body",
			"origin": [8, 8, 8],
			"children": [4]
		},
		{
			"name": "arm_from_body",
			"origin": [8, 8, 8],
			"children": [5, 6, 7]
		},
		{
			"name": "no_legs",
			"origin": [7, 24, 14],
			"children": [8, 9, 10, 11, 12, 13]
		}
	]
}