{
	"credit": "Made with Blockbench",
	"textures": {
		"0": "custom/slender_person/arms",
		"1": "custom/slender_person/bottom",
		"2": "custom/slender_person/body_front",
		"3": "custom/slender_person/top",
		"4": "custom/slender_person/body_not_front",
		"5": "custom/slender_person/head",
		"particle": "custom/arms"
	},
	"elements": [
		{
			"name": "left_arm",
			"from": [2, 9, 12],
			"to": [4, 27, 14],
			"rotation": {"angle": -22.5, "axis": "x", "origin": [2, 14, 12]},
			"faces": {
				"north": {"uv": [0, 0, 2, 16], "texture": "#0"},
				"east": {"uv": [0, 0, 2, 16], "texture": "#0"},
				"south": {"uv": [0, 0, 2, 16], "texture": "#0"},
				"west": {"uv": [0, 0, 2, 16], "texture": "#0"},
				"up": {"uv": [0, 0, 2, 2], "texture": "#3"},
				"down": {"uv": [0, 0, 2, 2], "texture": "#1"}
			}
		},
		{
			"name": "right_arm",
			"from": [12, 8, 2],
			"to": [14, 28, 4],
			"rotation": {"angle": 22.5, "axis": "x", "origin": [12, 13, 2]},
			"faces": {
				"north": {"uv": [0, 0, 2, 16], "texture": "#0"},
				"east": {"uv": [0, 0, 2, 16], "texture": "#0"},
				"south": {"uv": [0, 0, 2, 16], "texture": "#0"},
				"west": {"uv": [0, 0, 2, 16], "texture": "#0"},
				"up": {"uv": [0, 0, 2, 2], "texture": "#3"},
				"down": {"uv": [0, 0, 2, 2], "texture": "#1"}
			}
		},
		{
			"name": "right_leg",
			"from": [9, 0, 16],
			"to": [11, 24, 18],
			"rotation": {"angle": -22.5, "axis": "x", "origin": [9, 0, 16]},
			"faces": {
				"north": {"uv": [0, 0, 2, 16], "texture": "#0"},
				"east": {"uv": [0, 0, 2, 16], "texture": "#0"},
				"south": {"uv": [0, 0, 2, 16], "texture": "#0"},
				"west": {"uv": [0, 0, 2, 16], "texture": "#0"},
				"up": {"uv": [0, 0, 2, 2], "texture": "#0"},
				"down": {"uv": [0, 0, 2, 2], "texture": "#1"}
			}
		},
		{
			"name": "left_leg",
			"from": [5, 0, -2],
			"to": [7, 24, 0],
			"rotation": {"angle": 22.5, "axis": "x", "origin": [5, 0, -2]},
			"faces": {
				"north": {"uv": [0, 0, 2, 16], "texture": "#0"},
				"east": {"uv": [0, 0, 2, 16], "texture": "#0"},
				"south": {"uv": [0, 0, 2, 16], "texture": "#0"},
				"west": {"uv": [0, 0, 2, 16], "texture": "#0"},
				"up": {"uv": [0, 0, 2, 16], "texture": "#0"},
				"down": {"uv": [0, 0, 2, 16], "texture": "#1"}
			}
		},
		{
			"name": "head",
			"from": [0, 26, 5],
			"to": [6, 32, 11],
			"rotation": {"angle": 22.5, "axis": "z", "origin": [0, 41, 5]},
			"faces": {
				"north": {"uv": [0, 0, 6, 6], "texture": "#5"},
				"east": {"uv": [0, 0, 6, 6], "texture": "#5"},
				"south": {"uv": [0, 0, 6, 6], "texture": "#5"},
				"west": {"uv": [0, 0, 6, 6], "texture": "#5"},
				"up": {"uv": [0, 0, 6, 6], "texture": "#5"},
				"down": {"uv": [0, 0, 6, 6], "texture": "#5"}
			}
		},
		{
			"name": "sheya",
			"from": [6, 27, 7],
			"to": [10, 29, 9],
			"rotation": {"angle": 0, "axis": "y", "origin": [14, 35, 15]},
			"faces": {
				"north": {"uv": [0, 0, 4, 2], "texture": "#5"},
				"east": {"uv": [0, 0, 2, 2], "texture": "#5"},
				"south": {"uv": [0, 0, 4, 2], "texture": "#5"},
				"west": {"uv": [0, 0, 2, 2], "texture": "#5"},
				"up": {"uv": [0, 0, 4, 2], "texture": "#5"},
				"down": {"uv": [0, 0, 4, 2], "texture": "#5"}
			}
		},
		{
			"name": "body",
			"from": [4, 18, 6],
			"to": [12, 28, 10],
			"rotation": {"angle": 0, "axis": "y", "origin": [4, 25, 6]},
			"faces": {
				"north": {"uv": [0, 0, 8, 10], "texture": "#2"},
				"east": {"uv": [0, 0, 4, 10], "texture": "#4"},
				"south": {"uv": [0, 0, 8, 10], "texture": "#4"},
				"west": {"uv": [0, 0, 4, 10], "texture": "#4"},
				"up": {"uv": [0, 0, 8, 4], "texture": "#4"},
				"down": {"uv": [0, 0, 8, 4], "texture": "#4"}
			}
		}
	],
	"display": {
		"thirdperson_righthand": {
			"translation": [-6, -16, 10]
		},
		"head": {
			"translation": [0, -21.25, 0],
			"scale": [2, 2.5, 2]
		}
	},
	"groups": [
		{
			"name": "arms",
			"origin": [8, 8, 8],
			"children": [0, 1]
		},
		{
			"name": "legs",
			"origin": [8, 8, 8],
			"children": [2, 3]
		},
		{
			"name": "head",
			"origin": [8, 8, 8],
			"children": [4, 5]
		},
		{
			"name": "body",
			"origin": [8, 8, 8],
			"children": [6]
		}
	]
}