{
	"credit": "Made with Blockbench",
	"textures": {
		"0": "custom/slender_person/arms",
		"1": "custom/slender_person/bottom",
		"2": "custom/slender_person/body_front",
		"3": "custom/slender_person/top",
		"4": "custom/slender_person/body_not_front",
		"5": "custom/slender_person/head",
		"particle": "custom/arms"
	},
	"elements": [
		{
			"name": "left_arm",
			"from": [1, 4, 6],
			"to": [4, 12, 9],
			"rotation": {"angle": 22.5, "axis": "x", "origin": [2, 14, 7]},
			"faces": {
				"north": {"uv": [0, 0, 2, 11], "texture": "#0"},
				"east": {"uv": [0, 0, 2, 12], "texture": "#0"},
				"south": {"uv": [0, 0, 2, 11], "texture": "#0"},
				"west": {"uv": [0, 0, 2, 9], "texture": "#0"},
				"up": {"uv": [0, 0, 2, 2], "texture": "#3"},
				"down": {"uv": [0, 0, 2, 2], "texture": "#2"}
			}
		},
		{
			"name": "left_arm",
			"from": [1, -2, 9],
			"to": [4, 6, 12],
			"rotation": {"angle": 45, "axis": "x", "origin": [2, 14, 7]},
			"faces": {
				"north": {"uv": [0, 0, 2, 16], "texture": "#0"},
				"east": {"uv": [0, 0, 2, 16], "texture": "#0"},
				"south": {"uv": [0, 0, 2, 16], "texture": "#0"},
				"west": {"uv": [0, 0, 2, 16], "texture": "#0"},
				"up": {"uv": [0, 0, 2, 2], "texture": "#3"},
				"down": {"uv": [0, 0, 2, 2], "texture": "#1"}
			}
		},
		{
			"name": "right_arm",
			"from": [12, 2.7, 6],
			"to": [15, 11, 9],
			"rotation": {"angle": -22.5, "axis": "x", "origin": [12, 12, 7]},
			"faces": {
				"north": {"uv": [0, 0, 2, 11], "texture": "#0"},
				"east": {"uv": [0, 0, 2, 11], "texture": "#0"},
				"south": {"uv": [0, 0, 2, 11], "texture": "#0"},
				"west": {"uv": [0, 0, 2, 16], "texture": "#0"},
				"up": {"uv": [0, 0, 2, 2], "texture": "#3"},
				"down": {"uv": [0, 0, 2, 2], "texture": "#2"}
			}
		},
		{
			"name": "right_arm",
			"from": [12, 1.7, 12.5],
			"to": [15, 10, 15.5],
			"rotation": {"angle": 45, "axis": "x", "origin": [12, 12, 7]},
			"faces": {
				"north": {"uv": [0, 0, 2, 16], "texture": "#0"},
				"east": {"uv": [0, 0, 2, 16], "texture": "#0"},
				"south": {"uv": [0, 0, 2, 16], "texture": "#0"},
				"west": {"uv": [0, 0, 2, 16], "texture": "#0"},
				"up": {"uv": [0, 0, 2, 2], "texture": "#3"},
				"down": {"uv": [0, 0, 2, 2], "texture": "#1"}
			}
		},
		{
			"name": "right_leg",
			"from": [10, 3.5, 11],
			"to": [13, 17, 14],
			"rotation": {"angle": 22.5, "axis": "x", "origin": [9, 0, 7]},
			"faces": {
				"north": {"uv": [0, 0, 2, 7], "rotation": 180, "texture": "#0"},
				"east": {"uv": [0, 0, 2, 9], "rotation": 180, "texture": "#0"},
				"south": {"uv": [0, 0, 2, 10], "rotation": 180, "texture": "#0"},
				"west": {"uv": [0, 0, 2, 8], "rotation": 180, "texture": "#0"},
				"up": {"uv": [0, 0, 2, 2], "texture": "#2"},
				"down": {"uv": [0, 0, 2, 2], "texture": "#0"}
			}
		},
		{
			"name": "left_leg",
			"from": [3, -5, 13],
			"to": [6, -2, 26],
			"rotation": {"angle": -45, "axis": "x", "origin": [5, 0, 7]},
			"faces": {
				"north": {"uv": [0, 0, 2, 11], "rotation": 180, "texture": "#0"},
				"east": {"uv": [0, 0, 1, 12], "rotation": 90, "texture": "#0"},
				"south": {"uv": [0, 0, 6, 8], "texture": "#4"},
				"west": {"uv": [0, 0, 2, 11], "rotation": 270, "texture": "#0"},
				"up": {"uv": [0, 0, 2, 11], "texture": "#0"},
				"down": {"uv": [0, 0, 2, 10], "rotation": 180, "texture": "#0"}
			}
		},
		{
			"name": "left_leg",
			"from": [0.5, -3, 25],
			"to": [3.5, 9, 28],
			"rotation": {"angle": -22.5, "axis": "x", "origin": [-1, -3, 19]},
			"faces": {
				"north": {"uv": [0, 0, 2, 16], "texture": "#0"},
				"east": {"uv": [0, 0, 2, 16], "texture": "#0"},
				"south": {"uv": [0, 0, 2, 16], "texture": "#0"},
				"west": {"uv": [0, 0, 2, 16], "texture": "#0"},
				"up": {"uv": [0, 0, 2, 12], "texture": "#0"},
				"down": {"uv": [0, 0, 2, 16], "texture": "#1"}
			}
		},
		{
			"name": "left_leg",
			"from": [12.2, -2.1, 12],
			"to": [15.2, 9.9, 15],
			"rotation": {"angle": 22.5, "axis": "x", "origin": [-1, -3, 19]},
			"faces": {
				"north": {"uv": [0, 0, 2, 16], "texture": "#0"},
				"east": {"uv": [0, 0, 2, 16], "texture": "#0"},
				"south": {"uv": [0, 0, 2, 16], "texture": "#0"},
				"west": {"uv": [0, 0, 2, 16], "texture": "#0"},
				"up": {"uv": [0, 0, 2, 9], "texture": "#0"},
				"down": {"uv": [0, 0, 2, 16], "texture": "#1"}
			}
		},
		{
			"name": "head",
			"from": [4.41962, 10.60064, 0],
			"to": [10.41962, 16.60064, 6],
			"rotation": {"angle": 22.5, "axis": "z", "origin": [7.01962, 13.60064, 3]},
			"faces": {
				"north": {"uv": [0, 0, 6, 6], "texture": "#5"},
				"east": {"uv": [0, 0, 6, 6], "texture": "#5"},
				"south": {"uv": [0, 0, 6, 6], "texture": "#5"},
				"west": {"uv": [0, 0, 6, 6], "texture": "#5"},
				"up": {"uv": [0, 0, 6, 6], "texture": "#5"},
				"down": {"uv": [0, 0, 6, 6], "texture": "#5"}
			}
		},
		{
			"name": "body",
			"from": [4, 2, -6],
			"to": [12, 16, -2],
			"rotation": {"angle": -45, "axis": "x", "origin": [4, 25, 6]},
			"faces": {
				"north": {"uv": [0, 0, 8, 10], "texture": "#2"},
				"east": {"uv": [0, 0, 4, 10], "texture": "#4"},
				"south": {"uv": [0, 0, 8, 10], "texture": "#4"},
				"west": {"uv": [0, 0, 4, 10], "texture": "#4"},
				"up": {"uv": [0, 0, 8, 4], "texture": "#4"},
				"down": {"uv": [0, 0, 8, 4], "texture": "#4"}
			}
		}
	],
	"display": {
		"thirdperson_righthand": {
			"rotation": [90, 0, 0],
			"translation": [-6, -2, 4],
			"scale": [1.5, 2, 1.5]
		},
		"head": {
			"translation": [0, -21.25, 0],
			"scale": [2, 2.5, 2]
		}
	},
	"groups": [
		{
			"name": "arms",
			"origin": [8, 8, 8],
			"children": [0, 1, 2, 3]
		},
		{
			"name": "legs",
			"origin": [8, 8, 8],
			"children": [4, 5, 6, 7]
		},
		{
			"name": "head",
			"origin": [8, 8, 8],
			"children": [8]
		},
		{
			"name": "body",
			"origin": [8, 8, 8],
			"children": [9]
		}
	]
}